{
  "direction": "NORTH",
  "placeholder": {
    "mean_sec": 300.0,
    "std_sec": 60.0
  },
  "overall": {
    "mean_sec": 536.0602733040507,
    "median_sec": 499.0,
    "std_sec": 295.4969949641238,
    "n": 4098
  },
  "by_period": {
    "AM peak": {
      "mean_sec": 550.3977485928706,
      "std_sec": 211.86487428860795,
      "n": 533
    },
    "Afternoon": {
      "mean_sec": 371.73443223443223,
      "std_sec": 309.49047351666087,
      "n": 546
    },
    "Early evening": {
      "mean_sec": 541.4057239057239,
      "std_sec": 323.2887108934175,
      "n": 594
    },
    "Early morning": {
      "mean_sec": 650.3813559322034,
      "std_sec": 322.6714589464934,
      "n": 118
    },
    "Late evening": {
      "mean_sec": 680.5894736842105,
      "std_sec": 310.50672893110954,
      "n": 570
    },
    "Midday": {
      "mean_sec": 503.1863684771033,
      "std_sec": 234.833621603265,
      "n": 939
    },
    "Morning": {
      "mean_sec": 580.019801980198,
      "std_sec": 301.091463275982,
      "n": 202
    },
    "PM peak": {
      "mean_sec": 544.4865771812081,
      "std_sec": 298.24814239383596,
      "n": 596
    }
  },
  "by_daytype": {
    "MoTuWeThFr": {
      "mean_sec": 545.8064952638701,
      "std_sec": 268.0722364672729,
      "n": 2956
    },
    "Sa": {
      "mean_sec": 485.4575707154742,
      "std_sec": 348.61517266668426,
      "n": 601
    },
    "Su": {
      "mean_sec": 539.0221811460259,
      "std_sec": 361.6972381698238,
      "n": 541
    }
  }
}