{
  "direction": "SOUTH",
  "placeholder": {
    "mean_sec": 300.0,
    "std_sec": 60.0
  },
  "overall": {
    "mean_sec": 524.1007418042594,
    "median_sec": 493.0,
    "std_sec": 285.32247701474165,
    "n": 4179
  },
  "by_period": {
    "AM peak": {
      "mean_sec": 550.7850799289521,
      "std_sec": 223.1684608367112,
      "n": 563
    },
    "Afternoon": {
      "mean_sec": 336.6616666666667,
      "std_sec": 221.10844723714558,
      "n": 600
    },
    "Early evening": {
      "mean_sec": 564.2087719298246,
      "std_sec": 324.9602656693077,
      "n": 570
    },
    "Early morning": {
      "mean_sec": 623.0454545454545,
      "std_sec": 304.14617979101956,
      "n": 132
    },
    "Late evening": {
      "mean_sec": 703.9905482041588,
      "std_sec": 351.00561959354997,
      "n": 529
    },
    "Midday": {
      "mean_sec": 489.9802494802495,
      "std_sec": 203.8423280841647,
      "n": 962
    },
    "Morning": {
      "mean_sec": 543.2935779816514,
      "std_sec": 251.24856155224037,
      "n": 218
    },
    "PM peak": {
      "mean_sec": 515.8297520661157,
      "std_sec": 287.4754048346957,
      "n": 605
    }
  },
  "by_daytype": {
    "MoTuWeThFr": {
      "mean_sec": 541.7967014473242,
      "std_sec": 263.78323746254284,
      "n": 2971
    },
    "Sa": {
      "mean_sec": 455.09797822706065,
      "std_sec": 329.1682589827925,
      "n": 643
    },
    "Su": {
      "mean_sec": 509.5769911504425,
      "std_sec": 325.60958080966265,
      "n": 565
    }
  }
}